--NACAO:
INSERT INTO NACAO VALUES ('Brasil','SA','link para imagem da bandeira','letra do hino do país','50');
INSERT INTO NACAO VALUES ('Japão','AO','link para imagem da bandeira','letra do hino do país','40');
INSERT INTO NACAO VALUES ('Estados Unidos da America','NA','link para imagem da bandeira','letra do hino do país','70');

--PARTICIPANTE:
INSERT INTO PARTICIPANTE VALUES ('AA43235434','Brasil','1995-02-22','José Silva','0');
INSERT INTO PARTICIPANTE VALUES ('CY43459834','Japão','1991-05-19','Yamamoto Musashi','0');
INSERT INTO PARTICIPANTE VALUES ('AB76237734','Brasil','1994-03-07','Mary Jonas','1');

--PREPARADOR:
INSERT INTO PREPARADOR VALUES (1143235434,'SP',34245632510,'josesilva@gmail.com','ak47tknife','São Carlos');
INSERT INTO PREPARADOR VALUES (1243459834,'HK',45124632510,'takeso@gmail.com','akidosushido','Izumo');
INSERT INTO PREPARADOR VALUES (1376237734,'NY',34221324320,'MJonas@gmail.com','45MJnk9','New York');

--TELEFONE_PREPARADOR:
INSERT INTO TELEFONE_PREPARADOR VALUES (1143235434,16992654350);
INSERT INTO TELEFONE_PREPARADOR VALUES (1243459834,1133714456);
INSERT INTO TELEFONE_PREPARADOR VALUES (1376237734,13981655467);

--ROTINA:
INSERT INTO ROTINA VALUES (1143235434,'2017-02-25','descrição da bagaça toda');
INSERT INTO ROTINA VALUES (1243459834,'2017-02-22','descrição da bagaça toda');
INSERT INTO ROTINA VALUES (1376237734,'2017-02-11','descrição da bagaça toda');

--TREINO:
INSERT INTO TREINO VALUES (453,'descrição do treino todo');
INSERT INTO TREINO VALUES (133,'descrição do treino todo');
INSERT INTO TREINO VALUES (573,'descrição do treino todo');

--EXERCICIOS:
INSERT INTO EXERCICIOS VALUES (453,'sequencia de exercicios sugeridos');
INSERT INTO EXERCICIOS VALUES (133,'sequencia de exercicios sugeridos');
INSERT INTO EXERCICIOS VALUES (573,'sequencia de exercicios sugeridos');

--DIAS_TREINO:
INSERT INTO DIAS_TREINO VALUES (453,'2017-02-25');
INSERT INTO DIAS_TREINO VALUES (133,'2017-02-22');
INSERT INTO DIAS_TREINO VALUES (573,'2017-02-11');

--PREPARACAO:
INSERT INTO PREPARACAO (dieta,hrs_de_sono) VALUES ('dieta do atleta',8);
INSERT INTO PREPARACAO (dieta,hrs_de_sono) VALUES ('dieta do atleta',10);
INSERT INTO PREPARACAO (dieta,hrs_de_sono) VALUES ('dieta do atleta',7);

--AQUECIMENTOS:
INSERT INTO AQUECIMENTOS VALUES (0, 'exercicios de aquecimento');
INSERT INTO AQUECIMENTOS VALUES (1, 'exercicios de aquecimento');
INSERT INTO AQUECIMENTOS VALUES (2, 'exercicios de aquecimento');

--PREP_TREINO:
INSERT INTO PREP_TREINO VALUES (0,8);
INSERT INTO PREP_TREINO VALUES (1,6);
INSERT INTO PREP_TREINO VALUES (2,4);

--RECUPERACAO:
INSERT INTO RECUPERACAO VALUES (0,2);
INSERT INTO RECUPERACAO VALUES (1,3);
INSERT INTO RECUPERACAO VALUES (2,4);

--ALONGAMENTOS:
INSERT INTO ALONGAMENTOS VALUES (0,'series de alongamentos');
INSERT INTO ALONGAMENTOS VALUES (1,'series de alongamentos');
INSERT INTO ALONGAMENTOS VALUES (2,'series de alongamentos');

--REC_TREINO:
INSERT INTO REC_TREINO VALUES (0,0);
INSERT INTO REC_TREINO VALUES (1,1);
INSERT INTO REC_TREINO VALUES (2,2);

--ATLETA:
INSERT INTO ATLETA VALUES (3143115434,80,180);
INSERT INTO ATLETA VALUES (4553115400,70,175);
INSERT INTO ATLETA VALUES (5163100497,60,160);

--SEGUE:
INSERT INTO SEGUE VALUES (3143115434,1143235434,'2017-02-25');
INSERT INTO SEGUE VALUES (4553115400,1243459834,'2017-02-22');
INSERT INTO SEGUE VALUES (5163100497,1376237734,'2017-02-11');

--MODALIDADE:
INSERT INTO MODALIDADE (nome,descricao) VALUES ('futebol masculino','jogo de bola versão masculina');
INSERT INTO MODALIDADE (nome,descricao) VALUES ('futebol feminino','jogo de bola versão feminina');
INSERT INTO MODALIDADE (nome,descricao) VALUES ('tenis de mesa','ping pong com bolinhas e raquetes');

--COMPETE:
INSERT INTO COMPETE VALUES (3143115434,0);
INSERT INTO COMPETE VALUES (4553115400,1);
INSERT INTO COMPETE VALUES (5163100497,2);